X,Random Data 1,Random Data 2
0.0,-0.41223165220908176,4
1.1111111111111112,-0.21509072258131937,6
2.2222222222222223,-0.4158373253050718,7
3.3333333333333335,0.4987173610278406,8
4.444444444444445,-0.18010884820392942,4
5.555555555555555,-0.4035825692406484,3
6.666666666666667,0.2898464521470897,4
7.777777777777779,1.62888044413475,4
8.88888888888889,1.9361042672822526,5
10.0,0.3131394775190073,3
